{
  "project_info": {
    "project_number": "716967159999",
    "firebase_url": "https://cms-campus-management-system.firebaseio.com",
    "project_id": "cms-campus-management-system",
    "storage_bucket": "cms-campus-management-system.appspot.com"
  },
  "client": [
    {
      "client_info": {
        "mobilesdk_app_id": "1:716967159999:android:6e0e3177ad05c86c",
        "android_client_info": {
          "package_name": "com.example.cms_campusmanagementsystem"
        }
      },
      "oauth_client": [
        {
          "client_id": "716967159999-djk7sdj2o7le2q0s9s98tks90ign2plj.apps.googleusercontent.com",
          "client_type": 1,
          "android_info": {
            "package_name": "com.example.cms_campusmanagementsystem",
            "certificate_hash": "9fac0b8f59f5dee1df1e74349303f0c2e6d7c8fd"
          }
        },
        {
          "client_id": "716967159999-31jv7cj906te2bn1e3gp4kt32jnnrbc6.apps.googleusercontent.com",
          "client_type": 3
        }
      ],
      "api_key": [
        {
          "current_key": "AIzaSyANnNcTEe3yxbybWnTWF0_5nz7AiaEPrtg"
        }
      ],
      "services": {
        "appinvite_service": {
          "other_platform_oauth_client": [
            {
              "client_id": "716967159999-31jv7cj906te2bn1e3gp4kt32jnnrbc6.apps.googleusercontent.com",
              "client_type": 3
            }
          ]
        }
      }
    }
  ],
  "configuration_version": "1"
}